{
    "@context": [
        "https://w3id.org/ro/crate/1.1/context",
        {
            "JenkinsService": "https://w3id.org/ro/terms/test#JenkinsService",
            "PlanemoEngine": "https://w3id.org/ro/terms/test#PlanemoEngine",
            "TestDefinition": "https://w3id.org/ro/terms/test#TestDefinition",
            "TestInstance": "https://w3id.org/ro/terms/test#TestInstance",
            "TestService": "https://w3id.org/ro/terms/test#TestService",
            "TestSuite": "https://w3id.org/ro/terms/test#TestSuite",
            "TravisService": "https://w3id.org/ro/terms/test#TravisService",
            "definition": "https://w3id.org/ro/terms/test#definition",
            "engineVersion": "https://w3id.org/ro/terms/test#engineVersion",
            "instance": "https://w3id.org/ro/terms/test#instance",
            "resource": "https://w3id.org/ro/terms/test#resource",
            "runsOn": "https://w3id.org/ro/terms/test#runsOn"
        }
    ],
    "@graph": [
        {
            "@id": "ro-crate-metadata.json",
            "@type": "CreativeWork",
            "about": {
                "@id": "./"
            },
            "conformsTo": {
                "@id": "https://w3id.org/ro/crate/1.1"
            }
        },
        {
            "@id": "./",
            "@type": "Dataset",
            "description": "sort lines and change text to upper case",
            "hasPart": [
                {
                    "@id": "sort-and-change-case.ga"
                },
                {
                    "@id": "test/"
                },
                {
                    "@id": "LICENSE"
                },
                {
                    "@id": "README.md"
                },
                {
                    "@id": "test/test1/sort-and-change-case-test.yml"
                }
            ],
            "license": "Apache-2.0",
            "mainEntity": {
                "@id": "sort-and-change-case.ga"
            },
            "name": "example-workflow-ro-crate-with-tests"
        },
        {
            "@id": "sort-and-change-case.ga",
            "@type": [
                "File",
                "SoftwareSourceCode",
                "ComputationalWorkflow"
            ],
            "name": "example-sort-and-change-case-travis",
            "programmingLanguage": {
                "@id": "#galaxy"
            }
        },
        {
            "@id": "test/",
            "@type": "Dataset",
            "about": [
                {
                    "@id": "#test1"
                }
            ]
        },
        {
            "@id": "LICENSE",
            "@type": "File"
        },
        {
            "@id": "README.md",
            "@type": "File"
        },
        {
            "@id": "test/test1/sort-and-change-case-test.yml",
            "@type": [
                "File",
                "TestDefinition"
            ],
            "conformsTo": {
                "@id": "https://w3id.org/ro/terms/test#PlanemoEngine"
            },
            "engineVersion": ">=0.70"
        },
        {
            "@id": "#galaxy",
            "@type": "ComputerLanguage",
            "identifier": {
                "@id": "https://galaxyproject.org/"
            },
            "name": "Galaxy",
            "url": {
                "@id": "https://galaxyproject.org/"
            }
        },
        {
            "@id": "#test1",
            "@type": "TestSuite",
            "definition": {
                "@id": "test/test1/sort-and-change-case-test.yml"
            },
            "instance": [
                {
                    "@id": "#test1_1"
                }
            ],
            "mainEntity": {
                "@id": "sort-and-change-case.ga"
            },
            "name": "test1"
        },
        {
            "@id": "#test1_1",
            "@type": "TestInstance",
            "name": "test1_1",
            "resource": "repo/1002447",
            "runsOn": {
                "@id": "https://w3id.org/ro/terms/test#TravisService"
            },
            "url": "https://api.travis-ci.org"
        },
        {
            "@id": "https://w3id.org/ro/terms/test#TravisService",
            "@type": "TestService",
            "name": "Travis",
            "url": {
                "@id": "https://travis-ci.org"
            }
        },
        {
            "@id": "https://w3id.org/ro/terms/test#PlanemoEngine",
            "@type": "SoftwareApplication",
            "name": "Planemo",
            "url": {
                "@id": "https://github.com/galaxyproject/planemo"
            }
        }
    ]
}
